email,participant_id,task_1,task_1_paper,paper_title,submission_id
pi,p01a,collab,paper_1,Language-Guided Temporal Token Pruning for Efﬁcient VideoLLM Processing,7431
sr,p02b,collab,paper_2,BRSpeech-DF: A Deep Fake Synthetic Speech Dataset for Portuguese Zero-Shot TTS,6788
yu,p03c,collab,paper_3,From Benchmark to Better Embeddings: Leveraging Synonym Substitution to Enhance Multimodal Models in Ukrainian,3246
yu,p04d,collab,paper_3,From Benchmark to Better Embeddings: Leveraging Synonym Substitution to Enhance Multimodal Models in Ukrainian,3246
yu,p03e,collab,paper_4,MetaFaith: Understanding and Improving Faithful Natural Language Uncertainty Expression in LLMs,3787
yu,p04f,collab,paper_4,MetaFaith: Understanding and Improving Faithful Natural Language Uncertainty Expression in LLMs,3787
yu,p03g,collab,paper_6,Improbable Bigrams Expose Vulnerabilities of Incomplete Tokens in Byte-Level Tokenizers,733
wang,p05e,collab,paper_5,Dynamic Jointly Batch Selection for Data Efficient Machine Translation Fine-Tuning,7215
b,test,collab,paper_6,-,-
